Ekran Boyutu:,Garanti Tipi:,Görüntü Kalitesi:,Görüntüleme Teknolojisi:,HDR:,Kurulum Gerekli mi?:,Renk:,Smart TV:,Uydu Alıcı:,Wi-Fi:,Çözünürlük (Piksel):,url,price
"50"" / 127 Ekran",Distribütör Garantili,4K Ultra HD,LED,Var,Evet,Siyah,Var,Var,Var,3840 x 2160,https://www.trendyol.com//samsung/50tu7000-50-125-ekran-uydu-alicili-4k-ultra-hd-smart-led-tv-p-41642762,5.019 TL
"32"" / 81 Ekran",Distribütör Garantili,HD Ready,LED,Yok,Evet,Siyah,Var,Var,Var,1366 x 768,https://www.trendyol.com//onvo/ov32151-32-82-ekran-dahili-uydu-smart-wifi-android-led-tv-p-51157971,1.279 TL
"55"" / 139 Ekran",Distribütör Garantili,4K Ultra HD,LED,Var,,Siyah,Var,Var,Var,3840 x 2160,https://www.trendyol.com//samsung/55ru7300-55-139-ekran-uydu-alicili-4k-ultra-hd-curved-smart-led-tv-p-6523902,5.249 TL
"65"" / 165 Ekran",Distribütör Garantili,4K Ultra HD,LED,Var,,Siyah,Var,Var,Var,3840 x 2160,https://www.trendyol.com//vestel/65u9500-65-165-ekran-uydu-alicili-4k-ultra-hd-smart-led-tv-p-33679979,"5.528,02 TL"
"32"" / 81 Ekran",Distribütör Garantili,HD Ready,LED,Yok,,Siyah,Yok,Var,Yok,1366 x 768,https://www.trendyol.com//dijitsu/djtv321-32-81-ekran-uydu-alicili-hd-ready-led-tv-p-39444323,999 TL
"75"" / 190 Ekran",Distribütör Garantili,4K Ultra HD,LED,Var,Hayır,Siyah,Var,Var,Var,3840 x 2160,https://www.trendyol.com//telenova/75s4k8001-20-75-190cm-4k-uhd-dahili-uydu-alicili-android-smart-tv-p-51905717,"8.519,99 TL"
"39"" / 99 Ekran",Distribütör Garantili,HD Ready,LED,Yok,Hayır,Siyah,Var,Var,Var,1366 x 768,https://www.trendyol.com//awox/b203900s-39-99-ekran-uydu-alicili-hd-ready-smart-led-tv-p-44359162,1.499 TL
"43"" / 109 Ekran",,4K Ultra HD,LED,Var,Evet,Siyah,Var,Var,Var,3840 x 2160,https://www.trendyol.com//philips/43pus7805-43-109-ekran-uydu-alicili-4k-ultra-hd-smart-led-tv-p-44924741,3.979 TL
"32"" / 81 Ekran",Distribütör Garantili,HD Ready,LED,Yok,,Siyah,Yok,Var,Yok,1366 x 768,https://www.trendyol.com//vestel/32h8500-32-81-ekran-uydu-alicili-hd-ready-led-tv-p-39585119,1.359 TL
"55"" / 139 Ekran",Distribütör Garantili,4K Ultra HD,LED,Var,Evet,Siyah,Var,Var,Var,3840 x 2160,https://www.trendyol.com//samsung/55tu7000-55-139-ekran-uydu-alicili-4k-ultra-hd-smart-led-tv-p-42585516,5.829 TL
"40"" / 101 Ekran",Distribütör Garantili,Full HD,LED,Yok,Hayır,Siyah,Var,Var,Var,1920 x 1080,https://www.trendyol.com//telenova/40s8001-20-40-101-ekran-dahili-uydu-alicili-android-smart-tv-p-50886662,2.699 TL
"32"" / 81 Ekran",Distribütör Garantili,HD Ready,LED,Yok,,Siyah,Yok,Var,Yok,1366 x 768,https://www.trendyol.com//awox/u3200str-32-81-ekran-uydu-alicili-hd-ready-led-tv-p-3898208,1.099 TL
"40"" / 101 Ekran",Distribütör Garantili,Full HD,LED,Yok,,Siyah,Var,Var,Var,1920 x 1080,https://www.trendyol.com//samsung/40t5300-40-101-ekran-uydu-alicili-full-hd-smart-led-tv-p-40959827,3.036 TL
"32"" / 81 Ekran",Distribütör Garantili,Full HD,LED,Yok,,Siyah,Var,Var,Var,1920 x 1080,https://www.trendyol.com//philips/32pfs5803-32-81-ekran-uydu-alicili-full-hd-smart-led-tv-p-4170138,2.050 TL
"49"" / 124 Ekran",Distribütör Garantili,Full HD,LED,Yok,,Siyah,Var,Var,Var,1920 x 1080,https://www.trendyol.com//vestel/49f9500-49-124-ekran-uydu-alicili-full-hd-smart-led-tv-p-40618720,"3.081,44 TL"
"24"" / 61 Ekran",Distribütör Garantili,HD Ready,LED,Yok,Hayır,Siyah,Yok,Var,Yok,1366 x 768,https://www.trendyol.com//awox/awx6124st-24-61-ekran-uydu-alicili-hd-ready-led-tv-p-2334178,789 TL
"50"" / 127 Ekran",,,,,,Beyaz,Var,,Var,,https://www.trendyol.com//awox/b-205000s-50-127-ekran-uydu-alicili-4k-ultra-hd-smart-android-led-tv-p-36323191,"2.899,90 TL"
"24"" / 61 Ekran",Distribütör Garantili,Full HD,LED,Yok,Hayır,Siyah,Yok,Var,Yok,1920 x 1080,https://www.trendyol.com//telenova/24d4001-20-24-61cm-dahili-uydu-alicili-led-tv-p-50918388,"964,99 TL"
"40"" / 101 Ekran",Distribütör Garantili,HD Ready,LED,Yok,,Siyah,Yok,Var,Yok,1366 x 768,https://www.trendyol.com//samsung/40n5000-40-101-ekran-uydu-alicili-full-hd-led-tv-p-3706995,2.449 TL
"43"" / 109 Ekran",,Full HD,LED,,,Siyah,Var,Var,Var,1920 x 1080,https://www.trendyol.com//axen/ax43dil13-43-109-ekran-uydu-alicili-full-hd-android-smart-dled-tv-p-35168992,1.940 TL
"24"" / 61 Ekran",Distribütör Garantili,HD Ready,LED,Yok,,Siyah,Yok,Var,Yok,1366 x 768,https://www.trendyol.com//awox/a-202400-24-61-ekran-uydu-alicili-hd-ready-led-tv-p-35889800,789 TL
"43"" / 109 Ekran",Distribütör Garantili,4K Ultra HD,LED,Var,Evet,Siyah,Var,Var,Var,3840 x 2160,https://www.trendyol.com//philips/43pus7505-43-109-ekran-uydu-alicili-ultra-hd-smart-led-tv-p-48985419,3.599 TL
"55"" / 139 Ekran",İthalatçı Garantili,Full HD,LED,Yok,,Gri,Var,Var,Var,1920 x 1080,https://www.trendyol.com//telenova/55s8002-55-139-ekran-full-hd-smart-led-tv-p-43910780,3.399 TL
"50"" / 127 Ekran",Distribütör Garantili,4K Ultra HD,LED,Var,Evet,Siyah,Var,Var,Var,3840 x 2160,https://www.trendyol.com//samsung/50tu8500-50-127-ekran-uydu-alicili-4k-ultra-hd-smart-led-tv-p-42314908,5.488 TL
